<?xml version='1.1' encoding='UTF-8'?>
<hudson.model.Queue_-State>
  <counter>49</counter>
  <items>
    <hudson.model.Queue_-WaitingItem>
      <actions>
        <hudson.model.CauseAction>
          <causeBag class="linked-hash-map">
            <entry>
              <hudson.triggers.TimerTrigger_-TimerTriggerCause/>
              <int>1</int>
            </entry>
          </causeBag>
        </hudson.model.CauseAction>
      </actions>
      <id>49</id>
      <task class="hudson.model.FreeStyleProject">I Can Win</task>
      <inQueueSince>1606856460863</inQueueSince>
      <timestamp>
        <time>1606856460863</time>
        <timezone>Europe/Moscow</timezone>
      </timestamp>
    </hudson.model.Queue_-WaitingItem>
  </items>
</hudson.model.Queue_-State>